Associate,Application,From_Date,To_Date,Count
Suvojyoti Chowdhury,Share_Drive,01/01/2019,31/03/2019,78
Suvojyoti Chowdhury,Share_Drive,01/04/2019,30/06/2019,26
Suvojyoti Chowdhury,Share_Drive,01/07/2019,30/09/2019,34
Suvojyoti Chowdhury,Share_Drive,01/11/2019,31/12/2019,50
Suvojyoti Chowdhury,DS_Community,01/04/2019,30/06/2019,90
Suvojyoti Chowdhury,DS_Community,01/07/2019,30/09/2019,87
Suvojyoti Chowdhury,DS_Community,01/11/2019,31/12/2019,91
Suvojyoti Chowdhury,Hadoop,01/07/2019,30/09/2019,80
Suvojyoti Chowdhury,Hadoop,01/11/2019,31/12/2019,67
Suvojyoti Chowdhury,Unix,01/07/2019,30/09/2019,51
Suvojyoti Chowdhury,Unix,01/11/2019,31/12/2019,7
Suvojyoti Chowdhury,SQL_Tables,01/07/2019,30/09/2019,49
Suvojyoti Chowdhury,SQL_Tables,01/11/2019,31/12/2019,4
Suvojyoti Chowdhury,Graph_DB,01/07/2019,30/09/2019,52
Suvojyoti Chowdhury,Graph_DB,01/11/2019,31/12/2019,85
Suvojyoti Chowdhury,SLX_Tables,01/07/2019,30/09/2019,18
Suvojyoti Chowdhury,SLX_Tables,01/11/2019,31/12/2019,97
Suvojyoti Chowdhury,Attendence_System,01/07/2019,30/09/2019,32
Suvojyoti Chowdhury,Attendence_System,01/11/2019,31/12/2019,26
Rachel Miller,Share_Drive,01/01/2019,31/03/2019,100
Rachel Miller,Share_Drive,01/04/2019,30/06/2019,68
Rachel Miller,Share_Drive,01/07/2019,30/09/2019,74
Rachel Miller,Share_Drive,01/11/2019,31/12/2019,30
Rachel Miller,DS_Community,01/04/2019,30/06/2019,12
Rachel Miller,DS_Community,01/07/2019,30/09/2019,85
Rachel Miller,DS_Community,01/11/2019,31/12/2019,86
Rachel Miller,Hadoop,01/07/2019,30/09/2019,84
Rachel Miller,Hadoop,01/11/2019,31/12/2019,60
Rachel Miller,Unix,01/07/2019,30/09/2019,62
Rachel Miller,Unix,01/11/2019,31/12/2019,65
Rachel Miller,SQL_Tables,01/07/2019,30/09/2019,94
Rachel Miller,SQL_Tables,01/11/2019,31/12/2019,38
Rachel Miller,Graph_DB,01/07/2019,30/09/2019,4
Rachel Miller,Graph_DB,01/11/2019,31/12/2019,97
Rachel Miller,SLX_Tables,01/07/2019,30/09/2019,70
Rachel Miller,SLX_Tables,01/11/2019,31/12/2019,15
Rachel Miller,Attendence_System,01/07/2019,30/09/2019,46
Rachel Miller,Attendence_System,01/11/2019,31/12/2019,84
Rob Baker,Share_Drive,01/01/2019,31/03/2019,5
Rob Baker,Share_Drive,01/04/2019,30/06/2019,61
Rob Baker,Share_Drive,01/07/2019,30/09/2019,38
Rob Baker,Share_Drive,01/11/2019,31/12/2019,32
Rob Baker,DS_Community,01/04/2019,30/06/2019,55
Rob Baker,DS_Community,01/07/2019,30/09/2019,81
Rob Baker,DS_Community,01/11/2019,31/12/2019,100
Rob Baker,Hadoop,01/07/2019,30/09/2019,100
Rob Baker,Hadoop,01/11/2019,31/12/2019,52
Rob Baker,Unix,01/07/2019,30/09/2019,93
Rob Baker,Unix,01/11/2019,31/12/2019,96
Rob Baker,SQL_Tables,01/07/2019,30/09/2019,40
Rob Baker,SQL_Tables,01/11/2019,31/12/2019,18
Rob Baker,Graph_DB,01/07/2019,30/09/2019,34
Rob Baker,Graph_DB,01/11/2019,31/12/2019,51
Rob Baker,SLX_Tables,01/07/2019,30/09/2019,42
Rob Baker,SLX_Tables,01/11/2019,31/12/2019,76
Rob Baker,Attendence_System,01/07/2019,30/09/2019,30
Rob Baker,Attendence_System,01/11/2019,31/12/2019,74
Basit Saeed,Share_Drive,01/01/2019,31/03/2019,22
Basit Saeed,Share_Drive,01/04/2019,30/06/2019,55
Basit Saeed,Share_Drive,01/07/2019,30/09/2019,71
Basit Saeed,Share_Drive,01/11/2019,31/12/2019,6
Basit Saeed,DS_Community,01/04/2019,30/06/2019,47
Basit Saeed,DS_Community,01/07/2019,30/09/2019,31
Basit Saeed,DS_Community,01/11/2019,31/12/2019,3
Basit Saeed,Hadoop,01/07/2019,30/09/2019,13
Basit Saeed,Hadoop,01/11/2019,31/12/2019,20
Basit Saeed,Unix,01/07/2019,30/09/2019,15
Basit Saeed,Unix,01/11/2019,31/12/2019,68
Basit Saeed,SQL_Tables,01/07/2019,30/09/2019,100
Basit Saeed,SQL_Tables,01/11/2019,31/12/2019,22
Basit Saeed,Graph_DB,01/07/2019,30/09/2019,80
Basit Saeed,Graph_DB,01/11/2019,31/12/2019,28
Basit Saeed,SLX_Tables,01/07/2019,30/09/2019,64
Basit Saeed,SLX_Tables,01/11/2019,31/12/2019,58
Basit Saeed,Attendence_System,01/07/2019,30/09/2019,54
Basit Saeed,Attendence_System,01/11/2019,31/12/2019,61
Simona Gherghel,Share_Drive,01/01/2019,31/03/2019,1
Simona Gherghel,Share_Drive,01/04/2019,30/06/2019,23
Simona Gherghel,Share_Drive,01/07/2019,30/09/2019,59
Simona Gherghel,Share_Drive,01/11/2019,31/12/2019,0
Simona Gherghel,DS_Community,01/04/2019,30/06/2019,45
Simona Gherghel,DS_Community,01/07/2019,30/09/2019,81
Simona Gherghel,DS_Community,01/11/2019,31/12/2019,58
Simona Gherghel,Hadoop,01/07/2019,30/09/2019,90
Simona Gherghel,Hadoop,01/11/2019,31/12/2019,96
Simona Gherghel,Unix,01/07/2019,30/09/2019,94
Simona Gherghel,Unix,01/11/2019,31/12/2019,85
Simona Gherghel,SQL_Tables,01/07/2019,30/09/2019,30
Simona Gherghel,SQL_Tables,01/11/2019,31/12/2019,84
Simona Gherghel,Graph_DB,01/07/2019,30/09/2019,18
Simona Gherghel,Graph_DB,01/11/2019,31/12/2019,29
Simona Gherghel,SLX_Tables,01/07/2019,30/09/2019,43
Simona Gherghel,SLX_Tables,01/11/2019,31/12/2019,78
Simona Gherghel,Attendence_System,01/07/2019,30/09/2019,37
Simona Gherghel,Attendence_System,01/11/2019,31/12/2019,26
Alan Donald,Share_Drive,01/01/2019,31/03/2019,25
Alan Donald,Share_Drive,01/04/2019,30/06/2019,34
Alan Donald,Share_Drive,01/07/2019,30/09/2019,23
Alan Donald,Share_Drive,01/11/2019,31/12/2019,48
Alan Donald,DS_Community,01/04/2019,30/06/2019,34
Alan Donald,DS_Community,01/07/2019,30/09/2019,51
Alan Donald,DS_Community,01/11/2019,31/12/2019,94
Alan Donald,Hadoop,01/07/2019,30/09/2019,73
Alan Donald,Hadoop,01/11/2019,31/12/2019,63
Alan Donald,Unix,01/07/2019,30/09/2019,60
Alan Donald,Unix,01/11/2019,31/12/2019,68
Alan Donald,SQL_Tables,01/07/2019,30/09/2019,81
Alan Donald,SQL_Tables,01/11/2019,31/12/2019,62
Alan Donald,Graph_DB,01/07/2019,30/09/2019,21
Alan Donald,Graph_DB,01/11/2019,31/12/2019,17
Alan Donald,SLX_Tables,01/07/2019,30/09/2019,69
Alan Donald,SLX_Tables,01/11/2019,31/12/2019,98
Alan Donald,Attendence_System,01/07/2019,30/09/2019,49
Alan Donald,Attendence_System,01/11/2019,31/12/2019,6
Jessica Pacitti,Share_Drive,01/01/2019,31/03/2019,72
Jessica Pacitti,Share_Drive,01/04/2019,30/06/2019,45
Jessica Pacitti,Share_Drive,01/07/2019,30/09/2019,54
Jessica Pacitti,Share_Drive,01/11/2019,31/12/2019,96
Jessica Pacitti,DS_Community,01/04/2019,30/06/2019,30
Jessica Pacitti,DS_Community,01/07/2019,30/09/2019,33
Jessica Pacitti,DS_Community,01/11/2019,31/12/2019,99
Jessica Pacitti,Hadoop,01/07/2019,30/09/2019,83
Jessica Pacitti,Hadoop,01/11/2019,31/12/2019,20
Jessica Pacitti,Unix,01/07/2019,30/09/2019,15
Jessica Pacitti,Unix,01/11/2019,31/12/2019,100
Jessica Pacitti,SQL_Tables,01/07/2019,30/09/2019,71
Jessica Pacitti,SQL_Tables,01/11/2019,31/12/2019,53
Jessica Pacitti,Graph_DB,01/07/2019,30/09/2019,62
Jessica Pacitti,Graph_DB,01/11/2019,31/12/2019,13
Jessica Pacitti,SLX_Tables,01/07/2019,30/09/2019,33
Jessica Pacitti,SLX_Tables,01/11/2019,31/12/2019,100
Jessica Pacitti,Attendence_System,01/07/2019,30/09/2019,41
Jessica Pacitti,Attendence_System,01/11/2019,31/12/2019,85
Ariadna Romero,Share_Drive,01/01/2019,31/03/2019,60
Ariadna Romero,Share_Drive,01/04/2019,30/06/2019,100
Ariadna Romero,Share_Drive,01/07/2019,30/09/2019,79
Ariadna Romero,Share_Drive,01/11/2019,31/12/2019,85
Ariadna Romero,DS_Community,01/04/2019,30/06/2019,10
Ariadna Romero,DS_Community,01/07/2019,30/09/2019,95
Ariadna Romero,DS_Community,01/11/2019,31/12/2019,27
Ariadna Romero,Hadoop,01/07/2019,30/09/2019,14
Ariadna Romero,Hadoop,01/11/2019,31/12/2019,32
Ariadna Romero,Unix,01/07/2019,30/09/2019,23
Ariadna Romero,Unix,01/11/2019,31/12/2019,11
Ariadna Romero,SQL_Tables,01/07/2019,30/09/2019,91
Ariadna Romero,SQL_Tables,01/11/2019,31/12/2019,5
Ariadna Romero,Graph_DB,01/07/2019,30/09/2019,29
Ariadna Romero,Graph_DB,01/11/2019,31/12/2019,89
Ariadna Romero,SLX_Tables,01/07/2019,30/09/2019,13
Ariadna Romero,SLX_Tables,01/11/2019,31/12/2019,6
Ariadna Romero,Attendence_System,01/07/2019,30/09/2019,24
Ariadna Romero,Attendence_System,01/11/2019,31/12/2019,90
Taha Ghasempore,Share_Drive,01/01/2019,31/03/2019,77
Taha Ghasempore,Share_Drive,01/04/2019,30/06/2019,99
Taha Ghasempore,Share_Drive,01/07/2019,30/09/2019,1
Taha Ghasempore,Share_Drive,01/11/2019,31/12/2019,53
Taha Ghasempore,DS_Community,01/04/2019,30/06/2019,67
Taha Ghasempore,DS_Community,01/07/2019,30/09/2019,94
Taha Ghasempore,DS_Community,01/11/2019,31/12/2019,22
Taha Ghasempore,Hadoop,01/07/2019,30/09/2019,46
Taha Ghasempore,Hadoop,01/11/2019,31/12/2019,45
Taha Ghasempore,Unix,01/07/2019,30/09/2019,48
Taha Ghasempore,Unix,01/11/2019,31/12/2019,89
Taha Ghasempore,SQL_Tables,01/07/2019,30/09/2019,55
Taha Ghasempore,SQL_Tables,01/11/2019,31/12/2019,65
Taha Ghasempore,Graph_DB,01/07/2019,30/09/2019,19
Taha Ghasempore,Graph_DB,01/11/2019,31/12/2019,67
Taha Ghasempore,SLX_Tables,01/07/2019,30/09/2019,28
Taha Ghasempore,SLX_Tables,01/11/2019,31/12/2019,74
Taha Ghasempore,Attendence_System,01/07/2019,30/09/2019,33
Taha Ghasempore,Attendence_System,01/11/2019,31/12/2019,48
Raj Sharma,Share_Drive,01/01/2019,31/03/2019,18
Raj Sharma,Share_Drive,01/04/2019,30/06/2019,59
Raj Sharma,Share_Drive,01/07/2019,30/09/2019,75
Raj Sharma,Share_Drive,01/11/2019,31/12/2019,100
Raj Sharma,DS_Community,01/04/2019,30/06/2019,85
Raj Sharma,DS_Community,01/07/2019,30/09/2019,94
Raj Sharma,DS_Community,01/11/2019,31/12/2019,62
Raj Sharma,Hadoop,01/07/2019,30/09/2019,77
Raj Sharma,Hadoop,01/11/2019,31/12/2019,28
Raj Sharma,Unix,01/07/2019,30/09/2019,48
Raj Sharma,Unix,01/11/2019,31/12/2019,34
Raj Sharma,SQL_Tables,01/07/2019,30/09/2019,25
Raj Sharma,SQL_Tables,01/11/2019,31/12/2019,33
Raj Sharma,Graph_DB,01/07/2019,30/09/2019,62
Raj Sharma,Graph_DB,01/11/2019,31/12/2019,52
Raj Sharma,SLX_Tables,01/07/2019,30/09/2019,14
Raj Sharma,SLX_Tables,01/11/2019,31/12/2019,100
Raj Sharma,Attendence_System,01/07/2019,30/09/2019,64
Raj Sharma,Attendence_System,01/11/2019,31/12/2019,46
Peter Bike,Share_Drive,01/01/2019,31/03/2019,80
Peter Bike,Share_Drive,01/04/2019,30/06/2019,59
Peter Bike,Share_Drive,01/07/2019,30/09/2019,65
Peter Bike,Share_Drive,01/11/2019,31/12/2019,25
Peter Bike,DS_Community,01/04/2019,30/06/2019,40
Peter Bike,DS_Community,01/07/2019,30/09/2019,51
Peter Bike,DS_Community,01/11/2019,31/12/2019,24
Peter Bike,Hadoop,01/07/2019,30/09/2019,47
Peter Bike,Hadoop,01/11/2019,31/12/2019,76
Peter Bike,Unix,01/07/2019,30/09/2019,70
Peter Bike,Unix,01/11/2019,31/12/2019,82
Peter Bike,SQL_Tables,01/07/2019,30/09/2019,51
Peter Bike,SQL_Tables,01/11/2019,31/12/2019,79
Peter Bike,Graph_DB,01/07/2019,30/09/2019,92
Peter Bike,Graph_DB,01/11/2019,31/12/2019,93
Peter Bike,SLX_Tables,01/07/2019,30/09/2019,13
Peter Bike,SLX_Tables,01/11/2019,31/12/2019,12
Peter Bike,Attendence_System,01/07/2019,30/09/2019,97
Peter Bike,Attendence_System,01/11/2019,31/12/2019,98
James Wakefield,Share_Drive,01/01/2019,31/03/2019,66
James Wakefield,Share_Drive,01/04/2019,30/06/2019,65
James Wakefield,Share_Drive,01/07/2019,30/09/2019,46
James Wakefield,Share_Drive,01/11/2019,31/12/2019,19
James Wakefield,DS_Community,01/04/2019,30/06/2019,79
James Wakefield,DS_Community,01/07/2019,30/09/2019,47
James Wakefield,DS_Community,01/11/2019,31/12/2019,64
James Wakefield,Hadoop,01/07/2019,30/09/2019,9
James Wakefield,Hadoop,01/11/2019,31/12/2019,37
James Wakefield,Unix,01/07/2019,30/09/2019,2
James Wakefield,Unix,01/11/2019,31/12/2019,25
James Wakefield,SQL_Tables,01/07/2019,30/09/2019,95
James Wakefield,SQL_Tables,01/11/2019,31/12/2019,74
James Wakefield,Graph_DB,01/07/2019,30/09/2019,43
James Wakefield,Graph_DB,01/11/2019,31/12/2019,28
James Wakefield,SLX_Tables,01/07/2019,30/09/2019,1
James Wakefield,SLX_Tables,01/11/2019,31/12/2019,93
James Wakefield,Attendence_System,01/07/2019,30/09/2019,9
James Wakefield,Attendence_System,01/11/2019,31/12/2019,10
Mohan Singh,Share_Drive,01/01/2019,31/03/2019,19
Mohan Singh,Share_Drive,01/04/2019,30/06/2019,68
Mohan Singh,Share_Drive,01/07/2019,30/09/2019,39
Mohan Singh,Share_Drive,01/11/2019,31/12/2019,99
Mohan Singh,DS_Community,01/04/2019,30/06/2019,22
Mohan Singh,DS_Community,01/07/2019,30/09/2019,92
Mohan Singh,DS_Community,01/11/2019,31/12/2019,60
Mohan Singh,Hadoop,01/07/2019,30/09/2019,73
Mohan Singh,Hadoop,01/11/2019,31/12/2019,1
Mohan Singh,Unix,01/07/2019,30/09/2019,94
Mohan Singh,Unix,01/11/2019,31/12/2019,39
Mohan Singh,SQL_Tables,01/07/2019,30/09/2019,34
Mohan Singh,SQL_Tables,01/11/2019,31/12/2019,8
Mohan Singh,Graph_DB,01/07/2019,30/09/2019,13
Mohan Singh,Graph_DB,01/11/2019,31/12/2019,49
Mohan Singh,SLX_Tables,01/07/2019,30/09/2019,23
Mohan Singh,SLX_Tables,01/11/2019,31/12/2019,83
Mohan Singh,Attendence_System,01/07/2019,30/09/2019,10
Mohan Singh,Attendence_System,01/11/2019,31/12/2019,63
Nathan Woodfield,Share_Drive,01/01/2019,31/03/2019,83
Nathan Woodfield,Share_Drive,01/04/2019,30/06/2019,87
Nathan Woodfield,Share_Drive,01/07/2019,30/09/2019,11
Nathan Woodfield,Share_Drive,01/11/2019,31/12/2019,30
Nathan Woodfield,DS_Community,01/04/2019,30/06/2019,86
Nathan Woodfield,DS_Community,01/07/2019,30/09/2019,55
Nathan Woodfield,DS_Community,01/11/2019,31/12/2019,80
Nathan Woodfield,Hadoop,01/07/2019,30/09/2019,47
Nathan Woodfield,Hadoop,01/11/2019,31/12/2019,42
Nathan Woodfield,Unix,01/07/2019,30/09/2019,77
Nathan Woodfield,Unix,01/11/2019,31/12/2019,53
Nathan Woodfield,SQL_Tables,01/07/2019,30/09/2019,89
Nathan Woodfield,SQL_Tables,01/11/2019,31/12/2019,26
Nathan Woodfield,Graph_DB,01/07/2019,30/09/2019,10
Nathan Woodfield,Graph_DB,01/11/2019,31/12/2019,55
Nathan Woodfield,SLX_Tables,01/07/2019,30/09/2019,26
Nathan Woodfield,SLX_Tables,01/11/2019,31/12/2019,81
Nathan Woodfield,Attendence_System,01/07/2019,30/09/2019,76
Nathan Woodfield,Attendence_System,01/11/2019,31/12/2019,5
David Spence,Share_Drive,01/01/2019,31/03/2019,2
David Spence,Share_Drive,01/04/2019,30/06/2019,14
David Spence,Share_Drive,01/07/2019,30/09/2019,64
David Spence,Share_Drive,01/11/2019,31/12/2019,62
David Spence,DS_Community,01/04/2019,30/06/2019,6
David Spence,DS_Community,01/07/2019,30/09/2019,66
David Spence,DS_Community,01/11/2019,31/12/2019,32
David Spence,Hadoop,01/07/2019,30/09/2019,35
David Spence,Hadoop,01/11/2019,31/12/2019,15
David Spence,Unix,01/07/2019,30/09/2019,28
David Spence,Unix,01/11/2019,31/12/2019,35
David Spence,SQL_Tables,01/07/2019,30/09/2019,39
David Spence,SQL_Tables,01/11/2019,31/12/2019,43
David Spence,Graph_DB,01/07/2019,30/09/2019,31
David Spence,Graph_DB,01/11/2019,31/12/2019,53
David Spence,SLX_Tables,01/07/2019,30/09/2019,45
David Spence,SLX_Tables,01/11/2019,31/12/2019,66
David Spence,Attendence_System,01/07/2019,30/09/2019,49
David Spence,Attendence_System,01/11/2019,31/12/2019,49
Andy Mcmahon,Share_Drive,01/01/2019,31/03/2019,76
Andy Mcmahon,Share_Drive,01/04/2019,30/06/2019,3
Andy Mcmahon,Share_Drive,01/07/2019,30/09/2019,29
Andy Mcmahon,Share_Drive,01/11/2019,31/12/2019,15
Andy Mcmahon,DS_Community,01/04/2019,30/06/2019,14
Andy Mcmahon,DS_Community,01/07/2019,30/09/2019,16
Andy Mcmahon,DS_Community,01/11/2019,31/12/2019,76
Andy Mcmahon,Hadoop,01/07/2019,30/09/2019,8
Andy Mcmahon,Hadoop,01/11/2019,31/12/2019,63
Andy Mcmahon,Unix,01/07/2019,30/09/2019,66
Andy Mcmahon,Unix,01/11/2019,31/12/2019,99
Andy Mcmahon,SQL_Tables,01/07/2019,30/09/2019,1
Andy Mcmahon,SQL_Tables,01/11/2019,31/12/2019,62
Andy Mcmahon,Graph_DB,01/07/2019,30/09/2019,40
Andy Mcmahon,Graph_DB,01/11/2019,31/12/2019,81
Andy Mcmahon,SLX_Tables,01/07/2019,30/09/2019,40
Andy Mcmahon,SLX_Tables,01/11/2019,31/12/2019,87
Andy Mcmahon,Attendence_System,01/07/2019,30/09/2019,44
Andy Mcmahon,Attendence_System,01/11/2019,31/12/2019,91
Raad Khraishi,Share_Drive,01/01/2019,31/03/2019,6
Raad Khraishi,Share_Drive,01/04/2019,30/06/2019,77
Raad Khraishi,Share_Drive,01/07/2019,30/09/2019,72
Raad Khraishi,Share_Drive,01/11/2019,31/12/2019,54
Raad Khraishi,DS_Community,01/04/2019,30/06/2019,90
Raad Khraishi,DS_Community,01/07/2019,30/09/2019,75
Raad Khraishi,DS_Community,01/11/2019,31/12/2019,16
Raad Khraishi,Hadoop,01/07/2019,30/09/2019,72
Raad Khraishi,Hadoop,01/11/2019,31/12/2019,89
Raad Khraishi,Unix,01/07/2019,30/09/2019,5
Raad Khraishi,Unix,01/11/2019,31/12/2019,98
Raad Khraishi,SQL_Tables,01/07/2019,30/09/2019,2
Raad Khraishi,SQL_Tables,01/11/2019,31/12/2019,84
Raad Khraishi,Graph_DB,01/07/2019,30/09/2019,83
Raad Khraishi,Graph_DB,01/11/2019,31/12/2019,79
Raad Khraishi,SLX_Tables,01/07/2019,30/09/2019,29
Raad Khraishi,SLX_Tables,01/11/2019,31/12/2019,23
Raad Khraishi,Attendence_System,01/07/2019,30/09/2019,92
Raad Khraishi,Attendence_System,01/11/2019,31/12/2019,92
Arshad Ahmed,Share_Drive,01/01/2019,31/03/2019,46
Arshad Ahmed,Share_Drive,01/04/2019,30/06/2019,35
Arshad Ahmed,Share_Drive,01/07/2019,30/09/2019,36
Arshad Ahmed,Share_Drive,01/11/2019,31/12/2019,39
Arshad Ahmed,DS_Community,01/04/2019,30/06/2019,30
Arshad Ahmed,DS_Community,01/07/2019,30/09/2019,82
Arshad Ahmed,DS_Community,01/11/2019,31/12/2019,58
Arshad Ahmed,Hadoop,01/07/2019,30/09/2019,36
Arshad Ahmed,Hadoop,01/11/2019,31/12/2019,71
Arshad Ahmed,Unix,01/07/2019,30/09/2019,97
Arshad Ahmed,Unix,01/11/2019,31/12/2019,24
Arshad Ahmed,SQL_Tables,01/07/2019,30/09/2019,67
Arshad Ahmed,SQL_Tables,01/11/2019,31/12/2019,97
Arshad Ahmed,Graph_DB,01/07/2019,30/09/2019,19
Arshad Ahmed,Graph_DB,01/11/2019,31/12/2019,72
Arshad Ahmed,SLX_Tables,01/07/2019,30/09/2019,95
Arshad Ahmed,SLX_Tables,01/11/2019,31/12/2019,33
Arshad Ahmed,Attendence_System,01/07/2019,30/09/2019,11
Arshad Ahmed,Attendence_System,01/11/2019,31/12/2019,98
Piyush Goyal,Share_Drive,01/01/2019,31/03/2019,13
Piyush Goyal,Share_Drive,01/04/2019,30/06/2019,64
Piyush Goyal,Share_Drive,01/07/2019,30/09/2019,52
Piyush Goyal,Share_Drive,01/11/2019,31/12/2019,23
Piyush Goyal,DS_Community,01/04/2019,30/06/2019,63
Piyush Goyal,DS_Community,01/07/2019,30/09/2019,41
Piyush Goyal,DS_Community,01/11/2019,31/12/2019,94
Piyush Goyal,Hadoop,01/07/2019,30/09/2019,80
Piyush Goyal,Hadoop,01/11/2019,31/12/2019,70
Piyush Goyal,Unix,01/07/2019,30/09/2019,34
Piyush Goyal,Unix,01/11/2019,31/12/2019,56
Piyush Goyal,SQL_Tables,01/07/2019,30/09/2019,66
Piyush Goyal,SQL_Tables,01/11/2019,31/12/2019,65
Piyush Goyal,Graph_DB,01/07/2019,30/09/2019,43
Piyush Goyal,Graph_DB,01/11/2019,31/12/2019,58
Piyush Goyal,SLX_Tables,01/07/2019,30/09/2019,90
Piyush Goyal,SLX_Tables,01/11/2019,31/12/2019,33
Piyush Goyal,Attendence_System,01/07/2019,30/09/2019,88
Piyush Goyal,Attendence_System,01/11/2019,31/12/2019,1
Merry Kom,Share_Drive,01/01/2019,31/03/2019,94
Merry Kom,Share_Drive,01/04/2019,30/06/2019,52
Merry Kom,Share_Drive,01/07/2019,30/09/2019,51
Merry Kom,Share_Drive,01/11/2019,31/12/2019,97
Merry Kom,DS_Community,01/04/2019,30/06/2019,4
Merry Kom,DS_Community,01/07/2019,30/09/2019,22
Merry Kom,DS_Community,01/11/2019,31/12/2019,35
Merry Kom,Hadoop,01/07/2019,30/09/2019,31
Merry Kom,Hadoop,01/11/2019,31/12/2019,67
Merry Kom,Unix,01/07/2019,30/09/2019,26
Merry Kom,Unix,01/11/2019,31/12/2019,40
Merry Kom,SQL_Tables,01/07/2019,30/09/2019,24
Merry Kom,SQL_Tables,01/11/2019,31/12/2019,43
Merry Kom,Graph_DB,01/07/2019,30/09/2019,70
Merry Kom,Graph_DB,01/11/2019,31/12/2019,17
Merry Kom,SLX_Tables,01/07/2019,30/09/2019,61
Merry Kom,SLX_Tables,01/11/2019,31/12/2019,67
Merry Kom,Attendence_System,01/07/2019,30/09/2019,55
Merry Kom,Attendence_System,01/11/2019,31/12/2019,50
Vineet Agarwal,Share_Drive,01/01/2019,31/03/2019,67
Vineet Agarwal,Share_Drive,01/04/2019,30/06/2019,63
Vineet Agarwal,Share_Drive,01/07/2019,30/09/2019,71
Vineet Agarwal,Share_Drive,01/11/2019,31/12/2019,90
Vineet Agarwal,DS_Community,01/04/2019,30/06/2019,25
Vineet Agarwal,DS_Community,01/07/2019,30/09/2019,14
Vineet Agarwal,DS_Community,01/11/2019,31/12/2019,23
Vineet Agarwal,Hadoop,01/07/2019,30/09/2019,76
Vineet Agarwal,Hadoop,01/11/2019,31/12/2019,26
Vineet Agarwal,Unix,01/07/2019,30/09/2019,63
Vineet Agarwal,Unix,01/11/2019,31/12/2019,64
Vineet Agarwal,SQL_Tables,01/07/2019,30/09/2019,71
Vineet Agarwal,SQL_Tables,01/11/2019,31/12/2019,24
Vineet Agarwal,Graph_DB,01/07/2019,30/09/2019,38
Vineet Agarwal,Graph_DB,01/11/2019,31/12/2019,74
Vineet Agarwal,SLX_Tables,01/07/2019,30/09/2019,50
Vineet Agarwal,SLX_Tables,01/11/2019,31/12/2019,78
Vineet Agarwal,Attendence_System,01/07/2019,30/09/2019,10
Vineet Agarwal,Attendence_System,01/11/2019,31/12/2019,81
Priya Agarwal,Share_Drive,01/01/2019,31/03/2019,82
Priya Agarwal,Share_Drive,01/04/2019,30/06/2019,72
Priya Agarwal,Share_Drive,01/07/2019,30/09/2019,96
Priya Agarwal,Share_Drive,01/11/2019,31/12/2019,25
Priya Agarwal,DS_Community,01/04/2019,30/06/2019,23
Priya Agarwal,DS_Community,01/07/2019,30/09/2019,43
Priya Agarwal,DS_Community,01/11/2019,31/12/2019,20
Priya Agarwal,Hadoop,01/07/2019,30/09/2019,33
Priya Agarwal,Hadoop,01/11/2019,31/12/2019,51
Priya Agarwal,Unix,01/07/2019,30/09/2019,86
Priya Agarwal,Unix,01/11/2019,31/12/2019,47
Priya Agarwal,SQL_Tables,01/07/2019,30/09/2019,70
Priya Agarwal,SQL_Tables,01/11/2019,31/12/2019,60
Priya Agarwal,Graph_DB,01/07/2019,30/09/2019,21
Priya Agarwal,Graph_DB,01/11/2019,31/12/2019,36
Priya Agarwal,SLX_Tables,01/07/2019,30/09/2019,57
Priya Agarwal,SLX_Tables,01/11/2019,31/12/2019,42
Priya Agarwal,Attendence_System,01/07/2019,30/09/2019,21
Priya Agarwal,Attendence_System,01/11/2019,31/12/2019,76
Jason Gillespe,Share_Drive,01/01/2019,31/03/2019,82
Jason Gillespe,Share_Drive,01/04/2019,30/06/2019,51
Jason Gillespe,Share_Drive,01/07/2019,30/09/2019,99
Jason Gillespe,Share_Drive,01/11/2019,31/12/2019,46
Jason Gillespe,DS_Community,01/04/2019,30/06/2019,77
Jason Gillespe,DS_Community,01/07/2019,30/09/2019,95
Jason Gillespe,DS_Community,01/11/2019,31/12/2019,40
Jason Gillespe,Hadoop,01/07/2019,30/09/2019,54
Jason Gillespe,Hadoop,01/11/2019,31/12/2019,60
Jason Gillespe,Unix,01/07/2019,30/09/2019,26
Jason Gillespe,Unix,01/11/2019,31/12/2019,56
Jason Gillespe,SQL_Tables,01/07/2019,30/09/2019,48
Jason Gillespe,SQL_Tables,01/11/2019,31/12/2019,9
Jason Gillespe,Graph_DB,01/07/2019,30/09/2019,85
Jason Gillespe,Graph_DB,01/11/2019,31/12/2019,53
Jason Gillespe,SLX_Tables,01/07/2019,30/09/2019,0
Jason Gillespe,SLX_Tables,01/11/2019,31/12/2019,47
Jason Gillespe,Attendence_System,01/07/2019,30/09/2019,4
Jason Gillespe,Attendence_System,01/11/2019,31/12/2019,60
Simon Roy,Share_Drive,01/01/2019,31/03/2019,50
Simon Roy,Share_Drive,01/04/2019,30/06/2019,90
Simon Roy,Share_Drive,01/07/2019,30/09/2019,6
Simon Roy,Share_Drive,01/11/2019,31/12/2019,74
Simon Roy,DS_Community,01/04/2019,30/06/2019,17
Simon Roy,DS_Community,01/07/2019,30/09/2019,52
Simon Roy,DS_Community,01/11/2019,31/12/2019,4
Simon Roy,Hadoop,01/07/2019,30/09/2019,89
Simon Roy,Hadoop,01/11/2019,31/12/2019,7
Simon Roy,Unix,01/07/2019,30/09/2019,61
Simon Roy,Unix,01/11/2019,31/12/2019,73
Simon Roy,SQL_Tables,01/07/2019,30/09/2019,21
Simon Roy,SQL_Tables,01/11/2019,31/12/2019,26
Simon Roy,Graph_DB,01/07/2019,30/09/2019,41
Simon Roy,Graph_DB,01/11/2019,31/12/2019,58
Simon Roy,SLX_Tables,01/07/2019,30/09/2019,2
Simon Roy,SLX_Tables,01/11/2019,31/12/2019,43
Simon Roy,Attendence_System,01/07/2019,30/09/2019,84
Simon Roy,Attendence_System,01/11/2019,31/12/2019,83
Ravi Puri,Share_Drive,01/01/2019,31/03/2019,75
Ravi Puri,Share_Drive,01/04/2019,30/06/2019,10
Ravi Puri,Share_Drive,01/07/2019,30/09/2019,37
Ravi Puri,Share_Drive,01/11/2019,31/12/2019,57
Ravi Puri,DS_Community,01/04/2019,30/06/2019,76
Ravi Puri,DS_Community,01/07/2019,30/09/2019,58
Ravi Puri,DS_Community,01/11/2019,31/12/2019,77
Ravi Puri,Hadoop,01/07/2019,30/09/2019,46
Ravi Puri,Hadoop,01/11/2019,31/12/2019,13
Ravi Puri,Unix,01/07/2019,30/09/2019,14
Ravi Puri,Unix,01/11/2019,31/12/2019,28
Ravi Puri,SQL_Tables,01/07/2019,30/09/2019,65
Ravi Puri,SQL_Tables,01/11/2019,31/12/2019,60
Ravi Puri,Graph_DB,01/07/2019,30/09/2019,73
Ravi Puri,Graph_DB,01/11/2019,31/12/2019,7
Ravi Puri,SLX_Tables,01/07/2019,30/09/2019,5
Ravi Puri,SLX_Tables,01/11/2019,31/12/2019,66
Ravi Puri,Attendence_System,01/07/2019,30/09/2019,89
Ravi Puri,Attendence_System,01/11/2019,31/12/2019,58
Greig Cowan,Share_Drive,01/01/2019,31/03/2019,25
Greig Cowan,Share_Drive,01/04/2019,30/06/2019,22
Greig Cowan,Share_Drive,01/07/2019,30/09/2019,51
Greig Cowan,Share_Drive,01/11/2019,31/12/2019,86
Greig Cowan,DS_Community,01/04/2019,30/06/2019,85
Greig Cowan,DS_Community,01/07/2019,30/09/2019,61
Greig Cowan,DS_Community,01/11/2019,31/12/2019,81
Greig Cowan,Hadoop,01/07/2019,30/09/2019,22
Greig Cowan,Hadoop,01/11/2019,31/12/2019,0
Greig Cowan,Unix,01/07/2019,30/09/2019,95
Greig Cowan,Unix,01/11/2019,31/12/2019,93
Greig Cowan,SQL_Tables,01/07/2019,30/09/2019,2
Greig Cowan,SQL_Tables,01/11/2019,31/12/2019,56
Greig Cowan,Graph_DB,01/07/2019,30/09/2019,75
Greig Cowan,Graph_DB,01/11/2019,31/12/2019,86
Greig Cowan,SLX_Tables,01/07/2019,30/09/2019,93
Greig Cowan,SLX_Tables,01/11/2019,31/12/2019,10
Greig Cowan,Attendence_System,01/07/2019,30/09/2019,53
Greig Cowan,Attendence_System,01/11/2019,31/12/2019,85
Tom Banks,Share_Drive,01/01/2019,31/03/2019,20
Tom Banks,Share_Drive,01/04/2019,30/06/2019,73
Tom Banks,Share_Drive,01/07/2019,30/09/2019,58
Tom Banks,Share_Drive,01/11/2019,31/12/2019,79
Tom Banks,DS_Community,01/04/2019,30/06/2019,55
Tom Banks,DS_Community,01/07/2019,30/09/2019,54
Tom Banks,DS_Community,01/11/2019,31/12/2019,74
Tom Banks,Hadoop,01/07/2019,30/09/2019,4
Tom Banks,Hadoop,01/11/2019,31/12/2019,36
Tom Banks,Unix,01/07/2019,30/09/2019,98
Tom Banks,Unix,01/11/2019,31/12/2019,21
Tom Banks,SQL_Tables,01/07/2019,30/09/2019,85
Tom Banks,SQL_Tables,01/11/2019,31/12/2019,79
Tom Banks,Graph_DB,01/07/2019,30/09/2019,69
Tom Banks,Graph_DB,01/11/2019,31/12/2019,69
Tom Banks,SLX_Tables,01/07/2019,30/09/2019,88
Tom Banks,SLX_Tables,01/11/2019,31/12/2019,85
Tom Banks,Attendence_System,01/07/2019,30/09/2019,29
Tom Banks,Attendence_System,01/11/2019,31/12/2019,96
John Bolt,Share_Drive,01/01/2019,31/03/2019,85
John Bolt,Share_Drive,01/04/2019,30/06/2019,7
John Bolt,Share_Drive,01/07/2019,30/09/2019,45
John Bolt,Share_Drive,01/11/2019,31/12/2019,90
John Bolt,DS_Community,01/04/2019,30/06/2019,65
John Bolt,DS_Community,01/07/2019,30/09/2019,43
John Bolt,DS_Community,01/11/2019,31/12/2019,56
John Bolt,Hadoop,01/07/2019,30/09/2019,26
John Bolt,Hadoop,01/11/2019,31/12/2019,40
John Bolt,Unix,01/07/2019,30/09/2019,89
John Bolt,Unix,01/11/2019,31/12/2019,92
John Bolt,SQL_Tables,01/07/2019,30/09/2019,83
John Bolt,SQL_Tables,01/11/2019,31/12/2019,24
John Bolt,Graph_DB,01/07/2019,30/09/2019,30
John Bolt,Graph_DB,01/11/2019,31/12/2019,40
John Bolt,SLX_Tables,01/07/2019,30/09/2019,7
John Bolt,SLX_Tables,01/11/2019,31/12/2019,11
John Bolt,Attendence_System,01/07/2019,30/09/2019,6
John Bolt,Attendence_System,01/11/2019,31/12/2019,91
